{
  "mainLocationLatitude": -23.691047472947353,
  "mainLocationLongitude": -46.714394001780896
}